"V1","V2","V3","V4","V5","V6","V7","V8","V9","V10","V11","V12","V13","V14","V15","V16","V17","V18","V19","V20","V21","V22","V23","V24","V25","V26","V27","V28","V29","V30","V31","V32","V33","V34","V35","V36","V37","V38","V39","V40","V41","V42","V43","V44","V45","V46","V47","V48","V49","V50","V51","V52","V53","V54","V55","V56","V57","V58","V59","V60","V61","V62","V63","V64","V65","V66","V67","V68","V69","V70","V71","V72","V73","V74","V75","V76","V77","V78","V79","V80"
-1.47741264057235,0.178660158603355,-0.465067647724877,-0.409763104539912,0.0385971306662544,-0.402637275331271,0.615225630948008,-0.324899136104678,0.688672488349337,-0.32603393922925,0.64650067682733,-0.034811065561439,0.504577087447289,0.297713350461221,1.09492893679188,0.196733406711966,0.383939122250124,0.973655449978026,-1.70171568846632,-0.203275082492124,-0.25618331364276,-0.325230897489732,-0.0252973150115222,-0.268721932043274,0.0406677075787049,-1.32481782431048,0.0152067767521439,0.117347600126091,-0.156891514384323,-0.443272882209457,1.03995679333638,0.287259310357476,-1.06174206621713,0.292336968399049,-0.272309650387045,0.868497402963816,-0.0772820837585271,-0.285179574447394,0.506642038279421,1.40150648308136,0.335181374321549,-0.236411911614046,1.12875267178721,0.0658888129481484,0.681966972776229,0.0364759873092134,-1.88018701535253,0.432926475128488,0.387338453187512,0.404824942664085,-0.361370584324984,-0.809512384190736,0.79968035746516,-0.223232072743482,0.322049530701019,1.13804588129201,-1.32995207472314,-0.18581366989625,-0.188479250094734,0.202846626345442,0.229591493482604,-0.545668633916057,-0.889394711722611,0.268387635971111,0.452797090267239,-1.34040891840595,-0.75368681915077,-1.11556610478639,-0.310298901861713,-0.209537761887801,-0.982701149177241,0.668181046756936,0.115765527266216,-0.00446357616215047,0.945809793797277,0.0757896542848344,-0.0937893929338747,0.792312652380148,-0.286408336063802,-0.440659058239849
0.919891845804503,0.0431518628748487,-0.910961525259877,-0.128748550598574,0.742147892689774,0.324738173893152,0.209968648841257,0.865328879470017,-1.43042687434518,0.11672529945718,-0.356587866772462,-0.496974127194084,-0.489227093916046,0.850728656124869,1.12849542709028,-0.980209491665867,1.04412689710702,-1.2652217975978,-1.5481294870587,-0.98568824209377,0.546326402213807,0.455904715369312,-0.45407522988517,-0.602962889463837,-0.521445016825817,1.57174843747649,0.996752539049673,1.65281541368718,1.33150676563716,0.903628614847579,0.460542536186252,0.133908127119993,-0.91642172518832,-0.20800193881608,0.12308277449482,0.669359261901223,-0.860172534038245,1.79911865121091,-0.0378103766082023,0.771019511572672,0.820898667133906,1.64567038737086,0.482356114047287,0.597948722628608,-0.186909771799152,1.0002109142645,0.357979970832349,0.729562922806764,-0.247022544883059,-0.909685537467118,1.80853302453335,1.04417716752982,-0.588315399497876,-0.178770333327343,-0.386748821443692,0.645342692394257,1.03300697208768,0.144053700215805,-2.46579400443549,0.115540295082638,0.592746704890063,1.24621351067271,-0.477104089855728,1.68004952939974,-0.486890227794513,-0.132208740461902,0.822271500221155,0.444678925299192,-0.442218549913824,-0.0863109701732326,0.51753542520535,-1.32602374869885,0.287873032546322,-0.692499589490928,0.535694345741162,0.808717643328755,-1.08033396419518,0.873415127197704,-1.30602065772602,-1.62507189646745
1.14193449664969,-0.376127138241712,0.27112887682453,0.387593472788499,0.216795686499848,0.218740668711486,-1.04806147442236,0.121839940995482,-0.758639553832981,0.225580048062901,-0.522052891569292,-0.519661944063911,-0.426981647686401,0.181507676700477,-0.338770158901802,-0.475216025201771,-0.293994687242748,-0.127476427589071,0.788896949389258,0.872398968895871,-0.510855194325785,0.705616192079489,1.11274191359571,0.925723374225435,-0.654258295831616,-0.580312348409518,0.941714260231579,0.811022788225678,-1.41562231917357,-1.23633358481276,0.000954735667772271,-1.9309693460093,0.301854488105992,0.0174268803487358,0.0332934977032019,-0.260519062570931,-0.69488913786345,-0.745833047717125,-0.485599239112679,-0.159544458670849,-0.547838715820938,-0.243140028059777,-1.34143986419889,1.36402177910603,1.41625504282643,-0.116057704116015,0.161469140389082,-0.949254221406605,-0.000103756241254373,2.09497147977087,-0.0306951448404781,-0.496487964667604,0.601999331914119,-0.632565173355596,-1.15650048595469,0.71807631913808,-0.200059050951647,-0.573744303975371,1.31102298522909,1.59237179113521,-0.122641002756962,-0.290769660246754,-0.794462740455877,0.0576550012937109,0.589159336524985,-0.275769132140632,0.0165996469941471,1.17815321612269,-0.043388367927872,-0.285917239499641,-0.741961088740116,-0.571347212707526,-1.13927199381553,-0.939688485125702,0.432580688581766,-0.885103788152228,2.34168806132028,-0.224058045780604,0.128983715026275,0.240896561613249
-0.603419238298228,0.188390351196463,0.723573207730494,-0.0326756500311842,-1.9124997027567,-0.503045364104853,-0.549363540134174,0.94874479296659,0.564942068284443,-0.0425787203079487,-0.375426007215863,0.11429345615357,-0.824642426340075,0.239107074415876,0.460945079057614,0.230915677057671,0.157845230277402,0.646172655092783,-0.269924517395317,-0.235696706349697,1.03545375394977,-0.441048476962532,-0.778903973029241,0.57837568529596,-1.17901314787715,1.08477146769002,0.353790125611932,-0.169744856457424,0.983512129888697,0.672890290788827,0.186038000930337,-0.498162237312022,0.417554792832075,0.558163954430884,0.638825646577209,-0.644290455012829,-0.123994441382864,-0.180379963085106,-0.825942780175836,-0.301610490471958,-1.35425710433755,0.100521355277847,0.618465171998069,0.954920442072505,-0.559049505144442,-1.38131068214585,0.608406421381716,0.75083126196127,0.170896969226206,0.454358172517979,0.0482818791924465,1.11018524435565,0.153644529719395,0.158894927676964,-0.236828159543547,0.932348162238727,0.214327083845428,-0.167828143005206,0.0494985739996014,-0.966446068037654,-0.303713075173437,0.649653007514137,0.784694652801678,0.920778573845561,-1.05754586488728,0.501125260806939,0.738644935277288,0.21146082342611,-0.949335790454059,0.197713617152788,0.693590142867687,-1.2491469911874,0.199073065015892,0.20763251295451,-0.806910223398796,-0.415527241543756,-0.310770553498969,0.140370606203824,0.317325482915709,-0.145068375451874
-0.25014408358479,0.178437546754674,1.14298025203306,-0.0123618881329355,-0.532235376070889,0.64120801957205,0.470718028695678,-0.0425370037739746,0.0604065180421303,-0.131518140456507,0.155081080681645,1.85554269042589,0.250679712473535,-0.365680724073051,1.3506574441142,0.239015690797999,-0.613883242600397,-1.77945608270577,-0.15886137638604,0.0472803252899732,-0.586943526697406,0.590168908426635,0.366176720164773,-0.102682730183437,-0.251159085835111,0.893522753610031,-0.435299026612764,-0.697007674286886,-0.358345992495772,-0.516726672469149,-0.042347627941546,-0.224792488805144,0.745518850513379,0.615681906251806,0.876923627724651,-1.19268177011376,-0.246049308048466,-0.143371876742486,1.20847486836041,-0.185608013986418,1.0668720112781,0.657833181829625,0.242030102725706,-0.731366387881638,1.89880988349333,-1.21458556551833,0.834004480863292,-0.0393203091119478,-0.419077177297689,-0.543231740902417,1.00775711610769,0.46757544276435,-1.24349476148293,-0.86351619690388,0.40942650028503,-1.86494094845657,0.195819884658946,0.489516841761006,-0.784335214186453,-0.0568156528841262,-0.177503195817287,-0.460709440523992,0.107827541463801,0.563645247692924,0.426975762656604,0.464896448550747,0.430558753769747,0.469909934791394,0.829008679294102,-0.43922989067069,0.110754332797503,1.32168612777726,1.22378428859245,1.73321967415108,0.166672395099598,-0.688969446849848,-1.07088301826714,0.376967917553206,0.207681248223365,-0.71100090261854
0.528432344873462,1.70560992913086,0.131577908127907,-0.756141358006722,0.425095124283977,-0.125845895783292,0.306527022186502,0.388918704869184,-1.16551456693312,-0.63476838943416,0.179301014428877,1.48680218619836,-0.465035455279155,-0.207458915349983,-1.14634724189902,-0.589856020051809,1.0749101991934,0.287719391844785,-0.0154476311752632,-0.122205387466463,-0.212373854195381,-0.843621620101317,0.452439114136975,0.837483280660607,0.586791278384619,-1.02295644627061,-0.179826153317638,-0.435413527922059,0.0119130094988586,-0.094313777037024,0.12650902530362,0.700036744501723,1.22642220024521,-0.0607886712627687,0.0131728633726238,0.290569618071184,-0.00816631734605745,1.05764181840068,-0.571611004056103,-0.860076656206845,0.0388513336883324,-0.760708821549267,0.921755062290822,0.903671119702797,-0.779222073476445,0.0137505368791157,-0.890350147505469,0.608966166428336,1.14087207043907,-0.070731359803728,0.41015113125366,-2.10186145309681,-0.901375499522675,1.50983539856826,-1.00039821201429,0.678374629685635,-0.788021851229871,1.32381301598785,0.418661009061287,0.462361642224799,0.481859786930372,0.0303024829027624,-1.01195626415378,0.308258463912663,-0.966856306241462,1.74076384188249,0.8146396553083,0.882477681304819,0.323472951254475,-0.543920213008103,-0.45293839270453,-0.566783608128071,-0.476117482577562,-0.358390801324992,0.196401860783524,-0.21584086409359,-0.441583520257665,-0.594601973073822,0.00314800708239936,0.2740909800322
0.198877042501658,-0.116236605618921,-0.415715851578692,-2.06142936879707,1.73963723365751,0.841582764250304,1.28807006110165,0.255768841854042,-0.762375126398892,-0.372839826859343,0.857875832697595,1.82932617635247,-0.723002250085911,0.291120073569935,-0.395092928775533,-0.288609543255412,-0.497767875025386,0.0135720570047329,-0.777640687547246,0.30343076587103,0.881927747651922,-0.380066770709721,0.714974040462641,-1.59299831848897,0.413656989242846,0.228636413271311,0.696206950668875,0.894101309545418,0.589091826999063,-0.82669752618095,0.850363777207988,-0.942579039104153,0.0450161400053201,-1.36645893446029,1.13287311644597,-1.05238696601874,0.218310038461749,-1.00274782680392,-0.570006921889229,0.244049333958838,0.119081579049111,0.628521837105996,-1.24218974875382,0.907040808452817,-1.18847840157523,0.309011823796352,1.26078337614575,0.790247083974896,-0.984224149994206,1.00278985137746,0.841860525929731,-0.0524172982609612,1.29148597664498,0.0379690503903726,0.457961075121961,0.334982270885561,0.470008079100104,-0.105620109314979,-1.49574173475592,0.277769230543613,1.02699836997234,-0.988760859544254,-0.542150352212141,0.748826983276833,0.985590055643891,-0.276869265898531,2.3854753023641,0.196611388988101,0.825898167129173,-0.27091109320944,0.653801264116128,0.878974179120664,1.09471269175031,-0.301355338185075,1.54524357772223,0.359925722770531,-0.331128675621048,-0.335069321692276,1.42176722595616,-0.240035872118951
0.496489105375535,0.84321514506323,-0.410114492029847,-0.197877715454796,0.0217197992493084,-0.0396709909715591,-1.46737868517193,-0.5957682964026,0.779452226056414,0.395423825452672,-0.155419954581126,-0.157853237525323,0.271839516429666,-0.397067996740878,-0.0131283276672146,-0.702393918832518,-0.936554351894102,1.38151240047813,-0.0575327124611139,0.285077313227197,-0.632772984289722,0.702844041917958,1.52767589871526,-0.434242808116319,0.591680213508247,-0.522544058479697,-1.07704922063427,-0.246960451075287,-0.636112864478988,-1.90807971741994,0.0367026127852835,0.61676976527431,-1.19769591054586,1.06998821251782,1.34789184854572,0.0924098817250067,0.0534550228213437,-1.66159149466479,-0.303033754996118,-0.499060696411937,-0.338413934616442,-0.766960230628784,0.803907202883264,-0.335840836985477,-1.17498127390314,-0.222630135319534,-0.873981454969573,-0.627619228704967,0.745932735705703,0.706925847886214,-1.46228002043233,-2.073682219445,-0.438327227737813,-1.0257253859615,-0.359436513714593,-0.110506908437653,-0.532425424884014,0.0725071120178774,2.38978419538892,1.13501609771069,-0.340729644263618,-0.0990635634264024,-0.556414147174964,-1.99632061174081,-0.600360514631431,0.791189381917722,-0.905855618959239,-0.247287919914137,-0.824906893272748,-0.262683203858884,-0.698279476770289,-0.694596053560393,0.462230541139097,-0.577724242489722,-0.85161270405311,-0.708588797268632,3.37544623621539,0.732125191870988,-0.560375692269367,0.40755191315995
-0.0248525656638344,-0.402173403031305,-0.206436887735339,-0.641816027706889,-0.502596471932268,0.420679505192512,-0.306022608145051,1.04259255848451,-0.0649394953236202,-0.328154213731521,-0.399529497633707,1.11034445270313,-0.673436926155099,-0.457346180746387,-0.923313174122161,0.171854176704355,0.130955069814902,-0.470671396804437,-2.14124866319096,-0.136868172156966,0.0395345326005298,-0.0794107835047101,-1.50749502724552,-0.989408505640342,-0.316718745038353,-0.0765132527701147,1.80758391352931,0.497321981729926,1.77967330458782,1.03051989632651,0.392597789933266,0.371233917239238,-0.196703947259513,-1.43706686646146,0.40633776045512,0.126282039773913,1.01563829764689,0.9276660361247,-0.72645708863937,0.400238955842136,-0.278787497715009,-0.472952183247824,-0.595513800642505,0.674137339370766,-0.816972164828605,0.452009435568249,0.265273084660178,0.228861471272902,-0.295194321737207,0.328487588554313,1.26841653206045,1.27478386382983,-0.752721828572594,-0.282158669759119,0.569872166808941,0.149956664209392,-0.212754840630684,-0.658818795488352,-0.979486057277722,-0.891081600022058,1.06106941166871,0.0474387269366643,-0.683463337048352,1.24769827134502,-0.50167001489206,-1.09329493030356,1.03635388608151,0.533886065838597,0.163215243839386,0.436602450063327,0.715885307521251,-1.49475734714642,-0.288058938051393,0.0683813887328743,2.10831622731223,-0.0821311628037243,-1.24456937600735,1.01533197855292,0.134880345338272,-2.11104392660832
-0.775593027833758,0.611747151994582,-0.80540107189813,-1.24530827686524,0.820746069925131,0.0103598551421761,0.487325535837909,0.685416636448488,-1.17161053790034,-0.131291867088594,0.756164907221488,1.07899281254902,-0.99181560569941,1.04647299054745,0.0316883744668963,-0.964029860692426,-0.771490068681082,-1.67363619828818,-1.58314070326286,-0.572864650985364,1.13139017439487,-0.849358631901841,0.935536243678833,-0.384364558102612,0.502357380223972,0.095274005669712,1.63677622745268,0.98058292549668,-0.180097217756704,-0.747754712246782,-0.2398455649716,-0.430649929471807,0.351263137135718,-0.0843402998980383,0.300192144177002,0.569591642307928,-0.881479314339437,-0.55528741352167,-0.334046569226901,-0.336037046857859,0.0436356078202939,0.190674490118083,-0.665899622904483,0.204215403365657,-0.49660534606043,-0.691078683403049,0.677008311065414,0.737943941389973,-0.377039285509634,-0.154867719538453,1.50281941124115,0.534608356339846,-0.165533017749851,1.45486712659094,-0.448972338693242,0.188211812184839,1.44089454972881,-0.0223884181529142,0.638617564292939,1.00771934464334,1.78937427590348,-1.0837236383183,-0.643254664620438,-0.649120551485988,-0.553585821313431,0.649015381657277,-1.25291215898782,1.11513269549586,1.67416592038119,0.938555028453019,0.63845755549266,0.539725218044691,-0.265464190407487,-0.991192524251469,1.08456660759821,0.506438198338111,1.09655669807868,-0.21808703399464,0.539948225181143,0.0749787387074525
0.884070685922356,0.485447145712355,0.067332050676926,0.320445771915916,0.369719968824928,0.357087268833066,0.564186016107455,-0.979911165386986,-0.522152906152547,0.103742755332334,0.723485554587966,-0.49797420269535,1.11624860529277,-1.07554190066132,-0.871002162339238,-1.08522985754339,-0.2781186762588,-0.42960280808729,-0.567931515102674,0.666475688748553,0.68659185437834,1.12213501479047,-0.371988216860775,0.630208525262642,-0.678994376751343,0.610687597761074,0.65737038796158,0.0014796627743739,-0.421534253126508,0.150037253304621,-0.38860475716418,-0.23858829720805,-0.351068408293713,0.342111767451497,-0.0174303815829099,-0.708044945233264,0.2141202015831,-0.616787128689442,0.994450105978429,0.692686483699697,0.130843437049135,-1.32149875567947,-0.09950960694167,0.513819643146139,0.632673027276405,-0.297373182400922,-1.13812019106199,-0.88114364053482,-1.70993620592804,-0.154500460313891,-0.846437568436241,-0.849265066813009,-0.0761687108068105,-0.813475065295167,-0.608976135149332,-0.119674901800813,0.0610265902117005,-0.914703155441906,1.05831330070737,0.0389639378852809,-1.04089535218686,0.402271981441947,0.284198166185536,-0.421214483958336,-0.441804323458773,0.433050052316845,0.0128115166030962,0.232824364397875,0.465430405749071,0.164728827332425,-1.21924584442276,1.16571649740184,2.02617783285287,0.285417125306696,0.120628029224583,1.2564901400506,0.554860683974719,0.195855010284954,-0.0531729538282871,0.213158207281402
-0.239647070666964,-0.00585099923387367,-0.97248062488356,-0.331684614182577,0.916893813999953,0.311779142632735,-0.200683819886146,-0.0767711465511437,0.0274494783640436,-0.0645043351727975,-0.0632897789490294,0.268709880566064,0.525211526262727,-0.764476432262211,1.15668917995069,0.861680532316987,0.300652557503712,-0.158822538723451,-0.737048021633655,1.25685803579833,-1.79444352569688,1.31974765773644,-1.27983605540724,0.496738745457679,1.09122947891809,0.667845701822137,0.112257261404294,1.50055183773636,-0.747665103032672,-0.96774508968988,-0.272688185667979,0.243396283205753,-0.630988671659589,-1.47394916624613,-1.16615456151827,-1.62865509025347,0.785539998896511,0.295546397095761,-0.0168364130974667,1.29167793743182,0.47108081480576,-0.335565503892176,-1.394296115622,0.711737011484291,0.484500529689974,-0.448694730973444,1.12327163961124,-1.03803642041667,1.23545024393266,-0.362855977035312,1.13111396321519,0.966355884243366,-0.0314962400517921,-1.16575614953297,0.200623011927161,-1.09060602937353,0.761465320568852,-0.327728116002218,0.301652064024729,0.3335475949314,2.14380864197004,0.615679779075374,0.0189452645957373,-0.549656839933874,-1.75637613697976,-0.3599612798093,0.14302164438275,0.743622431134785,-0.394148799295335,0.0840147900768412,0.645191205924279,0.168057682158246,1.34263939353689,0.0506865870314111,0.0809356983155034,0.0860590800150852,-0.176731746249222,-0.85376933816383,0.564624744483809,-0.931301390451622
0.114431808478688,0.346855639181482,0.237685498870557,-1.33752740431715,0.568971755707866,-0.242208709088436,-0.479042251831067,-0.423149686929309,-0.515106710192809,0.839091779842325,0.443655776965464,0.303319418138782,-1.13208135132316,0.320193254427045,-0.830701300391444,-0.510349718244938,0.315444091360697,-0.913645992465739,-0.946036143730293,0.266608896378838,-0.052047296819307,-0.00227857557510079,0.448026121526039,-0.578240706192397,0.319287905739877,0.168263995683582,-0.476955194255495,1.19974210743599,0.81888041311284,0.857918409490669,-0.697933856404141,0.465654668963106,-1.59303453060127,-0.0295503798788988,0.948220129109627,-0.472738891244234,0.89815774427027,0.824009044216749,0.595656525397386,0.77026241315111,-0.0451561652787497,0.465537437118882,-0.38374885141684,0.218543839749847,-0.740456367874299,-0.823022764866949,-0.617730614460868,0.345504865316577,0.784545936786998,-1.4415381733386,0.146358530902687,0.806791330589533,0.413300616027874,0.686429328331463,-1.1223580244075,0.997518769138533,0.735655364345208,-1.11531971539298,0.108974413829761,-0.22541100839265,0.313763947610738,0.658666767645121,0.0947116129529341,0.545716877826515,-0.205411777639189,0.126649027414227,0.253850744355315,-0.044155503952427,-0.657311781140501,-0.341548261839406,-0.738364411250583,0.0912121676089109,0.699537333747124,1.40819512032477,1.75696408070221,0.394232518155501,-0.698881660433972,-0.358476050755546,0.106163569355785,-0.789594581533419
-0.704353635053386,-0.316824370890879,1.35428526733717,-2.10491181542952,0.491498909323159,1.03273637060405,0.514640491734561,-0.47254865892584,-0.113589903994556,1.3501006005575,-1.17100252743616,1.64010907893609,-0.511240097561516,0.696469532815716,-0.182537609174628,0.149543163850128,0.426269373221667,-1.2666775736247,-1.43809325498387,-0.00696937369608677,0.936507483026407,0.76587843471962,0.180124869297336,-0.598181718241597,0.459279471438914,0.797342019253232,1.34593876856228,0.217326338552632,0.789229547541414,0.663829412185946,1.18094299049227,-0.0474647199303468,-0.144812260678012,-2.45971830770957,0.146622912345159,-1.32030789860394,0.412099564462299,0.973410683798422,-1.17040919228624,-0.611000425673078,-1.64533235608207,0.310226455622431,-0.748783922848662,-0.706154769624246,-1.28359645815835,0.428722233646878,0.0219412060670765,1.13178351859266,-0.572379591756705,-1.37591571171608,4.15937869019765,0.544971965782415,0.932313295545821,-0.863630150726009,0.142142805343075,0.0169288954223879,1.39217234339512,0.0579147306665967,-2.67081175318669,-2.9020351669436,1.47272835378435,0.805420300724122,-0.84087524965365,2.55887643800597,-1.52319831397638,0.29878124385442,2.2007134176039,1.32963821142561,0.0773560383785196,-0.655103616762445,-0.972083291864538,0.828092801850438,-0.168280550009601,0.0701673605304044,2.02742944284677,-0.485388123910681,-2.75854747142499,0.00138781546225815,-0.410979747869648,-1.27457602010502
0.332536178347658,-0.08609182763729,0.380442679389993,0.193342184895995,0.187579712142442,-0.273755409913755,-0.884313690221918,-0.671584049639276,-0.560842873567734,1.01870732879686,0.626993780569347,0.0653492714887285,-0.216637265753849,-0.255319334488336,-0.621301499089425,0.096517964279171,0.992962118867024,0.0893912424490492,0.614577522170274,-0.520153215424483,0.38549980216465,0.329920688614806,0.00985986210047137,-0.440322705571743,-0.538746344857883,-0.776523921596681,0.732480952284579,-0.212158901808314,-0.545344084992955,1.22538203851542,-1.20498633540637,-0.783898059491057,-0.505428571936485,1.13283955440431,1.39480077169474,-0.000333844081501548,-0.546389899916451,-1.27751768938954,-0.755497541022404,-0.119106164649713,0.811117506785542,-0.719881823048786,-0.655384258029555,-0.540379297377696,0.196264309164485,-0.718716306693271,0.349565287248493,-1.01649212994317,-0.787528847879624,-1.31468240149397,-0.684161724864379,0.145988173064424,0.0269540709092789,-0.353194444200164,0.114242572946063,-0.175678154552883,-0.729302140657166,0.832828200131483,0.597287775566501,0.912197955948734,-1.270547641753,-0.47304699812312,-0.028942806837974,-0.776829280262558,0.381334620102487,0.508799953237093,0.166750284296972,-0.431118672232764,0.0628209963066103,1.0247614147842,-0.168113564673419,0.376169816550498,0.26457695767405,0.472515487995075,0.45466530431502,0.465370524718523,0.478981131432368,0.927291724080632,-0.0645377628169845,0.251999728052807
-0.819728927783449,-0.374505015876222,-0.260329079201779,0.516514241816725,-1.73841433156119,-0.494442302957665,-0.0815368749530315,-0.179337663221665,0.59101138288085,0.949124943652106,-0.709402301429266,-0.874276668845762,-0.491398909627596,0.379221789492658,-0.155421738593154,-0.241292005482625,-0.155768933328608,-0.511160334516763,1.50074150194691,-0.335251779812282,-0.244471066840875,-0.608826396725337,-0.815409585653966,-0.436292605520793,-0.934871648376701,-0.0809503579090758,-0.168357995533121,-1.38063361829281,0.439156370214297,0.401721529022182,0.305202134023536,0.414394287931571,0.0229163943198347,0.829849962658514,0.791210542664731,0.526910195810874,-1.14943283479493,-1.20088192402625,0.91076776314806,-0.156770941108765,0.088546345631442,1.04713927816685,0.613749670599919,-0.399174701133108,-1.16365547851276,-0.349851250239334,-0.0622671063764344,-0.366395761743069,0.802552347061488,0.171579973599532,-1.40657686817691,0.528714518301477,-0.510491717311022,1.01392485455971,-1.0465754611883,-1.06756010644022,0.154624343266381,-0.935823031366332,0.293882316531533,1.10323235123729,0.0666374843268569,-0.769117523087824,-1.08818785338505,0.359916800875688,0.197629056070599,0.368175707756076,0.848655096295134,-0.638438617747222,0.308467785272737,-0.419645410653845,0.919056177388097,0.400269957049229,-1.01381451180235,0.0646273998517594,0.113008862335901,0.523203019041761,1.5595089495504,-1.05276286637272,-0.0976265106883109,1.25851794889066
-0.451101669887165,-0.740200510573987,-0.274449363918362,-0.260388882808898,0.195708088770716,-0.134445568978363,0.55251349719587,-0.388704023394262,-0.792862783733899,0.347374348649145,-0.248409735755591,-0.497219884319302,0.0467604390548385,-0.131778124736237,0.744086389058121,-0.611071032402599,0.299510134675438,-0.146847389729813,0.310045091490343,-0.183124352569517,1.3494114840716,-0.145594026130415,-1.00666626109573,0.362400579519071,0.903249308936983,-1.77782329611215,1.2054701454281,0.605740524467246,0.990285881297392,0.610701819935555,-0.994095557618045,-1.61536649894137,-0.359215679821384,0.109249346329558,0.691053353428257,0.136933367609631,-0.971143460376317,0.13067791290944,-0.420945065700599,0.674500223441547,0.807166660805746,-1.37299815891248,-0.295181837489388,0.520979202065467,0.00624930880180816,0.379501384157194,-0.28026736765082,-0.130391866037194,0.00106828913746834,-0.627527645861105,-1.50607306550136,-0.25849829581907,0.198816372546838,0.162017292176616,0.034126147262888,0.0053069617127015,0.352293834117133,0.192652536243083,-1.67967034700403,0.768702760642107,-0.401543268363392,-0.00790267770075329,-0.911483114537112,-0.388684651241966,0.0201644655840339,-0.675600549822469,0.621812699121892,0.221974037531944,0.0665513966718709,-0.248858615551824,0.603105468048229,-1.69728850391465,0.289977593939274,0.32596694733099,-0.00135895931140377,0.471731999212799,0.246057939327707,1.67953350154058,-0.143270059501033,0.394471237717462
0.93733781339732,0.771496288401582,0.305425063981561,-1.00455685622001,1.44692595618257,1.21565642035243,0.0293022006633602,1.79160185004508,0.0114676979946497,-0.618439539832828,0.837814309168942,-0.299899492424183,-0.380940745989375,0.787290120265075,-1.13209925191395,0.485497776494022,-0.111036486874696,-0.274215678180574,-0.402330451135737,-1.39573844920537,0.493105850590386,-1.19872720706475,1.03338395481335,0.511393442597212,1.213305093226,-1.22928631046577,0.270012311623793,0.294401625807284,-0.349813072579491,1.48489326540956,0.620959185433883,-0.89568888875079,0.754033416909348,0.191251718992873,-1.52628214575423,0.887982960169457,-0.463944750275083,0.977058626927797,0.384004179846254,-0.192185362711013,0.517507188489105,-0.0117076317206021,-1.01360582038157,0.0150838423397548,0.525416589891205,-0.0323187858312423,0.152986195198957,0.969110730545497,-1.31523812384882,-1.65178946722927,1.26591353926075,1.00234061712174,0.963856152762013,0.365002949515602,0.587417002179314,-1.48213092745692,0.00472425512258492,0.250880119641703,-2.95688032972405,-1.15049135531419,1.48996713614357,0.746974243406216,-0.437303573162781,0.621365416955541,1.82548935048773,0.31874182592233,1.15205652265438,-1.03846314289863,0.846321293954858,-0.699756586057816,0.68907429889573,-1.49498409348525,0.5093832909487,0.830111487029684,2.71181008090173,0.693276962811862,-2.4559600715266,-0.497696449140814,-0.300306154302912,-0.953975366603892
-0.0516761631610087,-0.210007939447101,-0.463833688056113,1.5142945014781,-1.71815454950452,-0.252982941729551,0.996021537744069,-0.436266496491836,1.19695393013979,-0.191247257011106,-0.0440854095959346,-0.592880422584658,-0.617853347055217,-0.0278992353999814,0.519600672030831,0.211744970248597,1.6511438642876,-0.93479560224972,-1.5537443289929,-1.16711116225036,0.343975563859463,-0.0140354516708006,0.628316829905085,1.12094802630889,0.269935308204015,-0.397527326519451,0.478742747956759,0.0799775790473225,0.730782846576938,-0.0574928659203418,-2.57525540713312,-0.13779772674437,-0.868503333874154,-0.610050493684428,0.195154241865246,2.21608239625939,-1.38408679273649,0.851711572257776,0.84750920948762,0.197054020039437,-0.273731053066512,-0.405473625245185,-0.357089375355473,-0.783109509636269,0.729055848779803,1.23173829260614,1.25239677288283,-0.61664904818556,-1.80281900047306,-0.448158550600241,-0.86235505782792,1.01342846362405,0.0166475310698562,0.16168005801123,0.275018543390382,0.233585462671217,0.436484234422565,0.98161338439319,0.202383598914529,-0.437431393344699,-0.707254793927105,-0.43464228665269,-0.0382313716386028,0.429446075482663,-1.14139851225014,-0.519574581449044,-0.413653205380234,-0.413123346293476,-1.48078237338961,0.115377723004771,-0.353515993500675,-0.0547639483379401,0.580544158557479,-0.00970506106607768,-0.291997113821748,0.489622969680971,-1.76893510162088,1.65786072626571,-0.525878391988529,1.10773974770834
-0.874302605320073,-0.234184614538462,0.238099759823554,0.218988252357058,1.22051036732354,-0.218871124521082,0.258365699964565,-0.282099201760359,-0.48352925506807,-0.942180754565168,0.0892954820603836,1.18938146737247,-0.0118796353256141,-0.0673769229093963,-0.533458249356007,-0.189436333723603,1.09461661190097,-0.42505213266256,0.957945756154895,1.93627562374018,-0.489057257062013,0.521046009942586,-0.931064969235744,0.6212488761604,-0.176385054536362,0.168971619720703,1.17716525733732,0.198729324005016,0.396068287088063,-0.122062324834317,0.773976604220522,-1.44524649792031,0.231536933141345,-0.716607756016005,0.361698911804269,-1.80520574263248,1.26413474034984,0.165171609072282,1.23891358157893,-0.787876734372685,0.35899025230904,-0.28043321477207,-0.501719033489123,0.115607587918545,-0.238016288652918,-0.981480639937109,0.138618467509184,1.08135322658435,0.87772535317291,0.367950519753361,-0.782536089231843,-0.92404348777319,0.375284863080745,0.417145322786968,0.345734204059971,-0.423714563920535,1.07438201528234,0.0451112646564088,-0.586506257826048,0.694709427124488,-2.16338527733267,1.16209158195737,0.248651292887115,0.07672641317279,0.706830747374877,-0.28837393766813,-0.657754989283464,0.737336703421954,-0.107683548212487,-0.7640572144181,-1.94063282700709,-0.426290599919244,-0.403211601828533,0.530007537205628,1.49760548715606,0.174440907107706,-0.446221029947422,-0.98923078016104,0.38156138541471,0.0159238986968548
-0.643517442357168,0.888002433409133,-0.0835017507418363,0.157155264534267,-2.12773635887403,-0.214382030532814,0.762816707113687,0.489902718870676,-0.75755432741131,0.61986102078282,-1.23142171649749,-0.776106828663107,-0.688589233784522,-0.301883808774946,1.04352173216977,-0.0868315169473572,0.497633591819431,-0.508368249722174,-0.751117892940295,-0.352015614268768,0.366932377245076,0.593183491205673,0.696014494017804,0.0191265973029575,-0.116558641096747,-2.10526283966397,-1.01381323164542,-0.215951875604349,0.345086733170406,-1.33061559534736,-1.07615046048923,-0.230326012749051,0.264260761151357,-0.418593295094182,-0.990759807925761,2.71126542517275,-0.626875515693078,0.463663599348996,-0.607838655198453,0.168164351645372,-0.480179559424939,-0.0410399437025468,-0.0580804752955259,0.381889556730977,-0.397357158999778,-0.44038057376796,-0.0136173868775835,-0.0783313958194481,0.0310843224519262,-2.50217231125006,-0.94734203572811,0.879824793162143,-1.41106195549838,1.39301929997729,-0.0994416116269323,0.412302382102824,-1.5394274404035,0.451679530896032,-0.279368422665225,1.37276021590986,-0.472383856482055,-0.151973214621873,-0.491598606909431,0.666155931328595,1.141130975891,0.81339229356601,1.12806378054702,-1.03751721325538,-1.16001358478956,-0.701759161490376,1.55453931063058,-0.849904220799978,-0.561358652270721,-0.878233611932304,-0.945538522842648,-0.64546184659296,-1.90158940923312,0.820419866987365,-0.432575923106719,-0.0791092513395793
-0.512495233686771,-0.334842974461132,0.163656037499163,0.0529660956160425,-0.853150804144942,0.694859892679052,0.877639309234991,0.653886764556876,0.483065337732282,-0.561522917642224,0.282964133079824,0.392538517780304,-0.857130683932783,0.358462390929419,-0.989549464029953,-0.950090819992812,-0.223185912419035,-0.151034284841607,-1.64649547254832,0.928711076217053,0.835045852341535,-0.418353127312118,-0.482935424154783,-0.662941099720662,-0.304204233071994,-1.6669386789476,0.240925622187094,1.01374844509211,0.597788754051553,-0.0488132379081626,0.913953613927978,-1.43299484718786,-0.534536854800009,0.555191726877292,0.397049469242815,1.20426463702963,-1.08701101474253,-1.17568087472283,-0.348230585487505,0.172396714581569,1.40603728898856,-0.297788136917692,-1.46779579933043,0.973582446863122,-0.195708842559451,-0.256379403602641,0.957064887318234,1.05118147756968,0.333213883277591,-0.648721907870409,0.434887962534429,1.75948462883746,-0.673908831098941,-1.3003524091008,1.36236765660091,-0.745619536333474,0.0681659971200674,-0.655660339505705,-1.14073615692737,-0.579880035380266,0.787892110327647,-0.852469168842814,0.491673231330442,0.670646220924789,-0.896663065727715,1.07982166096132,1.39776570833042,-0.0077089095241677,-0.217568032984514,0.360586374964605,2.14667602954566,-0.599138644205106,0.773374028131439,0.673085902388705,0.289131139910847,0.0331373908136463,-1.96239706045906,1.19482932689157,1.02180373610682,-0.299520314004057
-0.740496404808527,1.55656026834076,-0.316307267224753,1.79653581952275,0.0197266487453144,0.0157835504524205,0.0702178618484189,-1.07135126878452,-0.40933535863072,-0.177147767271907,0.0424155193984885,-0.186942822074532,-0.490490166901411,0.222353907676342,0.327823113678456,-1.31425945731395,-0.531712143800294,1.55057639541182,1.31810766179207,1.07588322419579,0.0490119613102031,-1.15486158842782,0.303033117620258,-0.450988458115717,-0.0979373187150916,-0.480977834512023,0.391048693008664,0.633396295527018,-0.266119223599733,-0.149944141390118,0.534566789776104,0.638290821380547,-0.344026010868016,-0.440061332013138,0.680478501693685,0.133006645657088,-0.616055730949268,-0.525355262348333,0.759719565237118,0.0804300753139269,1.22030969777168,-1.10873405881227,-0.0987859025547779,-0.139185194285036,-0.0655875295579699,-0.127163786906268,-0.884778090496348,1.75331438719382,-0.636228021556234,-0.00737136335881565,-1.75946325170165,0.0438714782553979,1.18983361565552,0.128691238512349,0.251280500168258,0.184868297082883,-0.586836315462741,-0.633208309276906,-0.603757309006363,0.376977614293031,0.926209091945071,-0.0487380800233847,0.176352080258836,0.0348863897092386,1.70380569769262,0.611449788962454,0.738685728164151,0.455076534050815,0.915579021621033,0.285902471867196,-0.921759455253659,0.858484965265066,-0.658974587188244,-0.0426383024800181,2.17227958496698,0.566059145769999,0.26357062155058,-0.59496329595311,-0.0587131973713097,0.988043906222034
-0.821803252798351,-0.286008577844289,-1.18164094438671,0.0178149684616721,-0.026054403651227,0.755892829639887,0.223681395647758,-0.0939259161957375,-0.249321023066456,-1.15313056006416,-0.733669850584614,-0.807237613513035,0.584724742913944,-0.447273794834493,0.554042541648048,0.605489441965392,-0.393678616821523,-0.720652638578715,0.246786716900894,-1.51691617422401,-0.156506473214332,-0.879301824219003,-0.837753883122238,-0.0735113308344384,-0.971709821806366,0.545533506769116,0.382220649626068,0.52152963039717,-0.335819156251492,-0.380015354459297,0.291174399643785,0.665868740216218,0.48826662801453,0.608845502342473,-0.166829382001347,-0.222291660058181,-0.419533749461457,1.24132252541689,0.681470279638776,0.711095584630046,-0.0870459134153463,0.392100139453702,0.758681620421575,0.256580398111786,0.417247188587358,0.71415356557702,-0.136059672458838,-0.256024932853455,-0.263703653112711,-0.766856843921401,1.41143361051671,0.478944877292032,-0.17829367568328,1.45420521589521,-0.359735590432837,-0.119610476628685,0.553595551222268,-0.0779476219232726,0.571260535323008,-1.08945114150788,1.04426329206181,-0.135891575172522,-0.774046700169236,0.405435208641771,-0.669426643723429,0.661607057130598,0.0875571840219193,1.67987416955356,-0.754654693226716,-0.465013097199567,0.388257491040851,0.426238200293684,0.249393060706709,0.582471099701023,-1.12563302336494,-0.0571058956639714,-0.756079354200378,-0.876951569703377,1.14282852828014,-0.449159119082225
0.36056633954338,-0.599872683144047,0.0301757043123132,0.0119497951761098,0.600520814126799,0.575806171379312,-1.28442777197526,-0.233714340589126,-0.221986770032456,-0.0379865072900996,1.01823944000399,0.950473780666993,0.23974629102319,-1.09589299655459,-1.12507728917651,0.301556921991927,-0.473456598504183,0.511481723134772,-0.509950623267125,0.131400857000318,-0.1873905462618,0.439112532508282,-0.173578714087086,-1.16109457499735,-0.678780932818035,0.731777867104438,-0.025153074464073,1.09711705597605,0.0263567039293772,0.28033006040661,0.102027938397606,0.690945726520681,-0.17849959078483,0.851322374856187,1.72504065781723,-1.92728372487252,1.91250911508,-1.781064567034,0.674433743076481,-0.29556677248103,0.708927717973714,0.943153228996483,0.0442560890216811,-0.0357320901066744,-0.561405814762297,-0.134923878635857,-0.271178939379122,-0.316459754604785,0.178204916724356,-1.22993759717083,-1.80382748735279,0.38951503634205,0.14891646717426,0.390121479239457,0.521581926799391,-0.883905896789592,-1.07817713377935,-0.961994723391124,2.4072652735299,-0.640291029631132,0.216565312082428,-0.209319569385244,0.878724625010124,-0.488834978508512,-1.14904440928149,1.13403848845688,-0.654526821680069,-0.304766885624986,-0.384172893078759,2.29393817037455,0.670665270787938,0.349484587175243,1.51310174999612,-0.589957450562993,-0.387406218146657,0.723815800228823,0.155674175185956,0.678264641749901,0.325341469313514,0.39059552532182
0.74043297369648,0.177600095995764,0.434221149826344,1.25731953588582,-2.03943032371824,-0.03301496207282,0.130934259137314,-0.142884149156372,-0.169352526947845,0.216815116050385,0.392478994564636,-0.480435059017499,-1.66770873227595,-0.311890150907824,1.4992828675475,0.236977143322783,-0.341892088603833,-0.279245164750133,-1.29987253733907,-0.379473141127594,0.122281133195754,0.739955745006401,-0.2319158347366,0.45317089713179,-0.0154324645324322,-1.6204417300623,1.31628906831937,-0.127378596757615,-0.143306855241499,0.35959944564124,-0.146424538839097,-0.879067733226792,-0.0206687957465377,-1.76798752261307,-1.44415949561147,1.04345781511811,-0.510287825451911,1.57651861353482,-0.600508212117211,-0.241129693929526,-0.704715155782248,0.110193293249804,-1.08802089174024,0.458518742491947,0.0813492851862481,-0.628551775969127,0.901393937134484,0.873189154927464,-1.91274939157673,-1.0011698112497,1.28128215470768,0.636096887531033,0.25434347559319,0.0228351724832162,-0.0704542972749519,-0.0389701020212791,0.753696043058392,0.599590652642574,-1.41427530554148,-0.0574311526977036,1.8472140284186,1.01682079771575,0.244276481827099,2.28883716713566,0.47602519624218,1.17263210143573,1.48318637050226,-1.11185561137642,-0.610375948874042,0.591542312931173,1.35497295499277,0.44997261600014,-0.150533176266584,-0.316097460801373,-0.177009578496837,-1.49957308704325,-0.526084872859773,-0.474339308005636,-1.10143055787644,1.16200262808489
0.0657882724966895,0.213663291865307,0.36575001079944,-0.118550908888114,0.751299380374819,0.327047280644933,-0.0175549034884161,-0.0429582139214758,-0.173336199965918,-0.0354718055763393,0.0379499673518586,0.440642885242193,-0.114000632323345,0.130734407040763,-0.688903307400733,0.953310321837397,0.463400453941457,-1.01069180942045,0.618311970955953,-0.185973965163257,-0.0480238273360908,0.471638254177009,0.470751378593099,-0.684295582494504,0.144309391001388,-0.973370831768393,-1.31493989441933,0.213863455751597,-1.55250087686877,-0.119045809190072,0.462028925566947,-0.338596053224311,0.232032267855221,1.3638234051133,0.353517601927402,0.309273332869002,0.554671807360667,-0.0310029421899201,-1.41262143307738,-0.61333177428848,1.07477177305616,-0.284042815700338,0.211841804120012,-0.27072441231276,0.150293574454441,-0.250688052145887,-0.153583899503101,1.02463427255708,-0.281847902022158,0.240095316159225,-0.340052663020951,-0.449860311784036,0.0242245401644308,1.19215334159955,0.844947554155508,0.219841856582251,-0.166169562785472,-0.144999216106982,0.736007685949492,0.427897854041302,-0.251577740664341,-0.473841178611171,0.246720936521268,-0.860021563218782,0.524100298674479,-0.256812309039018,-0.150137000874012,0.582129193580907,1.11099407788799,0.730677984538402,-0.372015264850477,-1.11736622920996,-1.02984743351877,-0.362731809283474,-1.14903038300749,0.217406652362393,1.1085458847558,-0.244938697831684,0.119061980043332,0.598445995839484
-0.957296949532909,-0.441822882798791,0.81859630329339,-0.0533910826107053,-0.236886728133073,0.707723048374902,0.876627448176836,1.98445277365092,-0.0278596010384074,-0.94298026159606,-0.282186677741654,1.56990672288084,-1.39604149204077,-0.382137536304919,0.204563602959721,-0.317749263948808,0.435970406866003,-1.59874417704165,-0.914000532943408,-1.52206765289697,0.970614436382283,-0.103357777233978,-0.286392097272621,-1.73846310062783,0.561595931229918,0.954387435909237,1.19829085003953,-0.205933679657115,0.755613931079886,0.352352316039735,0.255035096438388,0.645164418169986,1.02498541994954,-1.65312478163998,1.45716831486114,-2.40602238181877,-0.387404327075281,1.83463762503861,0.162902817031026,-1.53584037197591,-0.233826770654166,2.01493083120328,0.525142314761391,-0.740351252158803,-0.713865572003999,0.551364577513486,0.553359053478101,0.287562816691822,-0.729212008740086,-0.756317360683576,2.64492262688125,2.66268540922695,0.892360495583463,1.09399675660421,1.54990521187502,0.49028061226061,2.01998228887455,-1.21486025268377,-2.51093634534716,-0.931647638386999,0.270522098101843,0.743980013910745,-0.595960928945277,1.32374812438787,-1.19958390431037,0.695787269633626,0.405654407400042,-0.195270613657367,0.182941527467341,-0.955918576251199,0.0700344854126629,0.134696274158086,1.77951954267531,0.722774242900867,1.0656384715117,-1.21412721544142,-2.30822566787378,-0.272042954192568,1.11624736290584,-1.05573891740663
0.498176225623302,0.309527578292375,-0.577644785795631,-0.825288673588409,0.267119561368036,1.34996154776606,-0.0456460953424817,0.101685154770304,0.48605731714655,0.23886246876299,-0.793534827897398,0.819101137275799,-1.09205310421307,-0.151815166736087,0.285822709264923,-0.287339650971573,1.04211521445762,0.444187629318064,-0.201182516938317,-0.364801749132105,-0.0751679360448645,-0.368450587605887,-0.0817529445196358,1.53044927752691,1.07392358838826,0.15947185547878,0.299358859113233,0.955658791917209,1.68531763262283,-0.0400154330149095,0.298814610170967,-0.48705051446474,-0.912364935106429,-0.583675435568347,0.0837820690017771,-1.70157153067408,0.22160112145083,0.183755812991881,-0.820497722962638,-0.803826679315241,0.176429905237085,-0.261393768420757,-0.443441647963791,1.06431609968763,-0.989024890010542,0.447927668687207,-0.678851120039608,0.696115946788474,-0.449200007157793,-0.113784304181979,0.942349975135453,-0.62910862288052,-0.714915324208319,0.392888778235263,-1.11341914044509,-0.0475755045474784,0.642849620462627,-0.788461636114483,-1.19365235521011,-1.02175122677679,0.851659473734655,0.363685075970151,0.380245943107193,1.03513275144447,0.0838196522003935,-0.780012808903024,-0.203388179568628,1.15060624925129,0.855726838769403,-1.88019235540289,0.0289008763633865,0.139688890753588,0.06759637604637,-0.249475033906587,0.603712045209348,-0.0619524962251003,-1.72658317026476,-0.396812546470156,0.268728893777345,0.00855714590332457
-0.511695224159818,-1.3585020348732,-0.754526758432017,0.873184092811278,-0.660683304725326,0.463524472200067,1.4689428444572,-0.33933798063421,0.760478932119646,-0.0114484465055627,0.19420711840615,0.409906877773208,0.544199749099835,0.155285067723885,-0.643698572373972,1.22991452901844,-0.504843678718986,-0.402384436236167,0.0952751792394155,-0.917969407152593,0.0145393957949358,-0.460403377672771,-0.307958636578951,0.0768334009424055,-1.11725300829243,0.162488084006528,0.0617548703367704,0.25259943838207,0.0448639761636908,-0.355249925621437,-0.148288591690321,0.689904086180581,0.9634083994994,0.493528428877624,0.0199224953147796,-0.797195515049281,0.664336268425645,0.292930513621363,1.40722491902256,-0.465487703321942,0.415509839454708,1.07854096476763,-0.467440060719946,-1.08676695479053,0.0341952438314167,0.416997374599588,1.06657405065859,0.949825579844127,-0.0312367539093183,-0.637623408026098,0.709343687669736,1.56911691516574,0.152852699757749,0.628302167369202,0.222343649237239,0.211616775028892,1.46614452589546,-1.38737376846657,-0.359170276743667,-1.08259216923741,0.22121793265949,-0.300101732698454,-0.722478146902751,-0.217826148170777,-1.63931782740123,-0.765663772580068,0.188511117319517,0.122514796616255,0.60249504649281,-0.382094949750895,0.680097314234872,-0.250382436288718,-0.424563185013429,-1.01013559363036,0.0944448720770469,-0.050537641532979,-0.87808086513568,1.53135529436339,1.25668120493852,-0.895400048735178
0.505043810566199,-1.27551035163689,1.31763932663802,0.357973502780484,-1.11281385994986,-0.38278034804243,0.702766398107524,0.329365746718588,0.175573159275222,0.608142109028505,-0.992284094329917,-1.53590997132236,-0.0724030650380946,-0.819283943521482,1.05169643784259,0.703522652266455,-0.0245774787445272,-1.34662925791801,-1.16206332259105,-0.785510055622596,0.185030332882452,0.354623642566628,-1.13568239921315,0.495694287950368,0.518256453097636,0.0475073432995807,-0.692523907005238,-1.06853688313302,0.509275397942818,0.476267474528443,1.30538120692877,-0.798253856573949,-0.960805249875893,-1.35672656946407,-0.943461965810197,0.475061344338134,0.0427989062462319,-0.316526588505337,-0.621932369925268,-0.621240385678202,-0.151999661426142,0.987045856145556,-0.0977272856314308,0.451624088504887,-0.895609121794606,-0.469338758339653,0.230990572289678,0.226694895859712,-1.7482769217532,0.215212994304089,0.538742182588217,0.598170753640751,-0.369423135042772,1.29251213183738,-0.112735315892345,0.161581031921151,1.09000920574555,0.914671364691122,-1.38716408053085,-1.65808504883175,0.0491906230718326,0.280424245264847,-0.153211992641128,1.64850130392928,-0.324871274314499,0.268376765844464,0.523823046121051,0.128890261081666,-0.373888830851133,-0.0435780860447246,-0.348225416704026,0.161662546681444,-0.169594934168146,0.085267106265192,-0.22938805323982,-1.30474291580537,-1.85525056823276,0.578870600370156,0.304571733965926,-0.537236561443906
1.12945128199655,1.59457150169636,-0.497533506004713,-0.592768709177471,0.97675115688977,0.161880418298115,0.449750604987674,0.104683566445654,0.169601005724252,-0.161458521273291,-0.0554637763039295,-3.04312384011552,-0.601508607184681,1.0676198860078,0.348451323061491,0.133094394492191,0.722781227981414,-0.154232501576059,-0.0177405797517682,1.02995688447889,0.61530203171436,0.745608084557611,0.244279163736989,1.08711769195858,-0.516740908402174,-0.801600780073042,-0.419071140609455,0.538870184717639,-0.26205343787822,0.424763567981392,-1.0066334212517,-0.51094993315494,-2.3379424382466,0.297283000444927,-0.825101003623136,0.184010471625115,-0.0866519840630219,-0.0838618373021311,-0.197002903477649,0.914275561523337,-0.673134369231722,-0.542991078119943,-0.379989279442537,0.569496576870617,0.491307433469644,-0.929924782483845,0.505441652373732,-0.986261740767702,-0.0251392410953816,0.706076720590285,0.600137379060788,0.0447090127880797,-0.477399685964248,0.329035641203194,-0.790564731233138,-1.70139118664223,-0.414652090577072,0.0599952113107229,0.0113918954970131,0.563279992825185,1.5083705019173,0.501720786315184,-0.176482361861291,0.938423767582444,0.357724174909127,1.06068184018819,1.10065456043846,0.905527048513854,-0.224550673941201,0.521816166815115,1.43636367271751,0.0315437986623443,0.108898663964949,0.854272360015887,-1.43101751385873,-0.0116119217471284,-0.931514705490759,0.726961694380402,-0.261473354894749,1.13232906568136
0.247979278319269,-1.28733517651808,-0.658527003115876,-1.17618751122727,0.717843710755989,-0.483506610807782,-0.900866669822704,-1.31719767471789,0.900789606876177,-0.0356065041179902,-0.538752072647025,-0.809395746462508,0.139840086057047,0.536334857299303,0.249193474253534,0.0324375292299481,1.08989266514551,-0.274734729545533,0.300520542226707,-0.138209111878484,-0.532166781754682,-1.09408464515367,-0.859628520241078,0.870497069558677,0.293275827875485,-0.839924780486112,0.595430053135391,0.705305928183709,0.712389537897029,-0.0204938988179423,0.541785917167858,-0.232786339986178,-1.63213759065171,-0.480650951249547,0.83451850907485,0.98631715081424,-0.370586654261789,0.169174096109548,0.934654873736002,-0.854362669458302,-0.0921723423376965,-1.1206855310117,0.699861788768441,-0.452850642271554,-0.435542101609467,0.601562727300552,0.0792093403456283,0.0150803764614101,-1.17771395397539,-0.670288042588585,-0.245620609949548,0.270484736895625,-0.503931603939105,0.353106224850343,0.472704187263424,-0.464918433317933,0.709314417995072,0.984092781714695,0.368459451017318,-1.21595940983246,0.34657757606086,-0.670044717082994,0.693524158702838,0.718901962944143,0.599312163898511,0.32393004475115,0.424149838373254,-0.0180896645619089,0.401916853871358,-0.689372752337855,1.2731688232427,-0.61175277976979,0.149755356480905,-0.262859307159563,-0.655211243000278,-0.846193071229889,-0.82320103676087,0.491515446624087,-0.117276476474674,-0.0766689579302262
0.801006811377498,1.26887650298381,0.221576897132335,1.0686055552567,-1.41176534710105,-0.464943386752651,1.04733475381427,0.646871546422472,-0.524357993185581,-0.060179431810604,-1.13292228950689,-0.292390324383039,-0.523065117083869,-0.711904487739628,1.20683181142431,-0.299854351601579,0.885249874257351,-0.151643663225417,-0.573261264421203,0.661508027467525,-0.473492739544717,0.109237255330716,1.09018155314219,-0.0236304239597055,1.13455745061082,-0.34632748656962,-0.160085304911853,-1.25439422862346,1.03246321201883,-0.674217324722783,-0.89275057002572,0.116471763748071,0.152334938060156,-1.4789940379028,-0.334031508167172,1.7008393019049,-0.329586921773232,1.4819137716689,0.433111609821493,0.709137394897561,0.6325830993845,-0.644068195123521,0.241314948553121,0.436354258721088,0.206214473842957,-0.397195848569385,0.443645689857196,0.231172371474387,0.0313117504802977,0.327886433451891,-0.485457278266035,-0.403190606546157,0.380169219965413,-0.220680428341342,-0.0916839713058063,0.654742172706804,-0.372896544668129,0.716983938848137,-0.841121923291395,-0.465203526034915,-0.495639636525947,1.92280347418311,0.598611971767176,0.606254109546837,-0.687762402436827,-1.26664034711391,-0.00976200939789683,-0.603972172846551,0.0873934173395554,-0.30084877194832,-0.34508367091485,-1.21789479179053,-0.566163449145005,0.153239995496306,0.580595072746339,0.692889790348075,-1.42995520254771,1.14212443503015,-0.567258582657596,-0.466791480329705
0.543921000336062,-0.677850941373257,-0.725920482610658,-0.188085007541971,0.47564582266304,0.919089798537612,1.2692150715093,0.619641657507218,-0.370828887337564,1.42931258383517,0.34776226659731,0.445275526233277,0.248127375601102,0.422252204576385,0.358532683211196,0.426437723708998,0.821512433769681,-0.694790217158849,0.620620834249984,0.237643593794196,0.294178102981756,0.0258117863216205,0.0721041568893983,-0.490750787097128,0.863604142757254,-0.304214583098395,-0.827661767414833,0.0586703582604151,-0.12704092306507,-0.178593544172736,0.067165680358306,-1.17078256786729,1.94172424128983,-0.645450169330532,0.857671791133008,-1.44192278573645,-0.104629785261887,0.692404110075354,0.256361721095222,-0.245434896101523,0.508472211613176,-0.601978437980768,0.775411669605308,-0.754879947863608,0.366719947667647,0.584754729540268,-1.26963195172278,-0.165939301859963,-1.09185792082458,0.195531388829606,0.952579332267751,-0.261513171944674,-0.577891504281749,0.279534250732568,1.42164104291954,0.214929963985649,0.98214794434148,-0.391977034760752,0.099893899626479,-0.84445795906379,0.692197091805537,-0.243815908149167,-0.153380057410528,-0.222673108242246,0.173872666994523,0.924667276460404,0.103131355654443,-0.35719237152643,0.404158908406298,-0.657589467468937,-0.913558772103436,0.665067807056312,0.597640031384459,0.646102340675085,0.677851061404662,-0.682158502639957,-1.79624886860334,-0.823787592656796,0.793753700524206,-0.885714376538984
0.0877245787384807,-3.04596121107648,-0.593900415068035,0.232108244708709,-1.47229717333352,-0.138637246140516,-0.114426978569222,-0.822237952338742,-0.63295198232631,0.497504934259983,-0.55683953008906,-0.369096475934654,0.662125436458977,0.0464618119680093,1.15135911131525,0.10681882988565,0.651827229552303,-0.0712267769432126,-0.222669351789733,-2.59842880830554,0.884801175188744,-1.23352337617779,-1.13519188456719,1.75184340234402,-0.536797107160521,-0.349980392155058,-0.94800243889997,-0.910382139353962,0.691760990922767,0.30878801530767,0.0166156748445696,0.426560447168874,-0.567224175715696,0.682101638426611,-0.0367674901727665,1.04905558427704,-1.26321484806678,0.154083969885203,0.0852298630453886,-0.882128704472371,1.21769835390093,-0.103791458215883,0.246161185229206,-0.332718493415087,-0.15800816824826,0.170573940897828,-0.771361399313599,0.230063020769388,0.656549958206635,-0.119709302699774,0.356457362870353,0.754593255282399,-1.09676123841478,0.626067438049407,0.0869472403532499,-0.254322161478956,-0.474691858408861,-0.57959014180469,-0.335677004812606,-0.159179306960851,0.707680015671356,-0.31650502258067,-0.245062549304288,-0.341240304650329,-0.181205492175533,-0.242711426673024,-0.0904329843329775,-1.29541743409622,-0.132637935625229,0.453689039211886,-0.25059306402459,0.308529432528812,1.27378630796053,-0.345390776917903,0.670889778196145,1.28105916054184,-0.752241315411908,-1.11471641392382,-0.717671682806176,1.40172219476864
-0.057931286903108,-0.563631697876069,-0.89479157426214,0.477457345278267,-0.173986030608476,0.459807211580175,-1.76906729501612,0.249258728997113,0.0851270191409977,0.737844421944423,-1.28024941336244,0.460762052699021,0.273812894549087,0.386187232407199,1.56661557938123,-3.02933641736705,1.32027410347342,0.692383240725032,-0.293586668759008,-0.661865806704343,0.232717812466976,0.737650516629491,0.442827655844401,0.242125287607563,-1.1055586020372,-0.548884751900113,0.736541493166489,-0.455028527149872,-0.16804482936143,0.0366678675844885,-1.64017946505125,-0.337300280322802,0.315040787487728,-0.865457519800718,-0.253141950547058,0.720770089090877,-0.00960730935589094,1.25604769863271,-0.195026690606876,0.562646528807516,-0.816003724577139,0.752361596839716,0.826978595262227,-0.75609640842486,-0.183241285961158,0.332106621608521,0.789567027394224,-0.130631220431564,-0.768327531466312,0.86904180795366,-0.256828760741294,1.40040778715241,-0.0753297909772797,-0.309196279094267,-0.345457748764963,1.57234069750409,-1.22365522418445,-0.890329180978909,1.35356448654895,1.41853869905282,-0.763125410392631,0.313481830805941,-0.266746278105552,0.34484632885441,1.33792271784571,-0.387098309146276,-0.381424609719702,-0.705637396921083,0.922532593447284,-0.42103633543365,1.95145894532555,-1.38981992551655,-0.16742734602384,-1.45560649848467,-0.143695316509569,0.806793233560755,1.51699866575696,1.5210069338736,-1.53093562192894,0.667700549257675
0.11901790896512,0.791210429345683,0.186360646019311,0.247521670321898,-1.4863480519257,-1.36697942767884,0.814116719879654,-1.495635729568,-0.71689122720137,-0.0193914552326698,-0.554766374545616,-1.06917671335328,1.35951215124542,1.06940203322874,0.831990529296152,-0.887768589050391,1.39505977018667,-1.4615262942765,-0.354212158280148,0.791795593569278,0.974288870686027,0.0160833357336107,0.912219546769629,0.265656496576473,-1.53037971627167,0.232013346291141,-0.657253238707875,-0.784092631285942,-0.504539360304581,1.01211987178053,-0.585351862901268,-0.926164920280397,-2.14024298887269,-0.321482660277446,0.331738939423715,0.862620275928378,0.248867355050072,0.440017189604631,0.319970075913232,-0.10713553369966,-0.224509477601949,-0.768603681708023,0.253989060622198,1.79345029487655,0.267335884368222,-0.151497448617243,-0.190196977479505,-0.661081422657101,-1.63628918626999,-0.138968054277841,-0.100774192753655,0.691735726953571,0.629820340103924,-0.145813853403545,-0.885589469924547,0.738513633290619,-0.264513572388339,0.657061205890335,0.7379711292229,0.0428349412220874,-0.22929660572705,1.0743892370638,-0.849544906944114,-0.282144390660586,0.0864633202474046,-0.731357414202902,0.566610817980943,-0.749834285256121,0.0967011079352059,-0.380896825301374,0.590487928157098,-0.200922759240141,-0.181329695906625,-0.47403884288641,-0.987262187815515,0.030267543315058,-0.0488157594216393,0.150816565908245,-0.269084365281234,1.28796756093662
0.745053332285011,0.502190414700721,0.928853621621035,-0.63671017375691,1.62565217387062,0.143570108958819,0.682018167041416,0.0420432624335849,0.690788522286807,0.876524695898212,-0.290842026245141,0.833394906666813,-0.367618234519528,1.65467216192351,0.287316187595843,-0.11016726520691,1.03979560786229,0.941021464705882,-0.207670648394414,-0.905644416160588,-0.645456942490827,-0.882401594587426,-0.290308195283911,-0.772966245118037,-0.241210055494122,-0.0146729234005291,0.472414999891949,0.873048218994817,-0.35172484160965,-0.927869863787435,1.464034208495,0.0401655797127265,-0.78352224256313,0.551400351274161,-0.332963066330569,0.350372907322203,-0.778247443697393,1.5448311114166,-0.126346686336793,-0.737079364558574,-0.275876594686828,-0.402597435820238,0.239898213121141,-0.450831345142133,-0.335410043345749,0.301341582667901,-0.813592097250941,0.688262056445532,0.982511571062586,0.732596135113402,-0.228474999403802,-0.551374513282594,-0.145840494934852,0.333994860353617,-0.440545030751192,-0.586444519658227,-0.148488449682293,1.67608161021174,-0.509617319416439,-0.294862944790824,1.11645648868427,-0.161811032007941,-0.750283571319327,0.436247781511638,-0.590230108412088,-0.351251319974026,0.259250833561192,-0.178713429934238,1.56726578646302,-0.544296996926308,-0.968264908136759,-0.121131668061965,-0.052252803612708,-0.0907962712212321,0.545619786801333,-0.831703927024533,-0.753716049008512,0.373151348469611,0.135624925554029,1.39018116628744
0.138970965229476,-0.587492142728243,0.291054075418157,-0.581426452974974,0.185510753986081,-0.410177242073078,0.203974163346716,0.281470262330962,-0.786904695522282,-0.634017058782202,-1.17665151296795,1.88690438909261,0.468540102893663,-0.272201874577631,-0.107863095278212,1.16578409985028,-0.0039873256814577,-0.621354226575312,1.41289075986024,-0.252705607060289,0.969132243185316,-0.901405702039241,-0.976315837783489,-0.87130784840196,0.112183561868706,2.08931828580283,0.661024177331567,-0.00797820249889676,-0.256962165051983,-0.771526945057628,-0.278060820658604,-0.664666098283375,1.2164213092093,0.161306901746883,0.664742258036041,-2.11042711027263,-0.302710899516049,-1.13830918014013,0.555189887317175,1.05434457967597,0.415924096826383,-0.765133343681101,0.686832132064221,0.453474996725222,-0.793532065385558,0.0425020643907734,-0.423472387910449,0.741161263149432,1.36417821287458,0.990777785320283,-0.147614632551684,0.280629730554243,-0.289036212368427,-0.115439213951168,0.669415620785968,-0.586987584058405,1.43883537215141,-1.13847521569938,0.0343131636725944,1.63047525913363,-1.3377834790189,-0.796325064614002,-0.0960377151292619,-0.855141051381425,-0.216203472091546,-1.32811047003658,-1.29070007352084,-0.131876223075294,0.628453859145558,-0.521280974960495,-0.722498389362735,0.915865759301781,0.672858726960449,0.684720532556483,1.38614978909825,0.734727174575771,2.28634841215765,-1.39275505562412,0.0965977167258252,0.144666918393048
